[{"@type":"mappingTemplate","id":"@1","name":"Mapping3_vcs","description":"","bundleVersion":"0","templateId":"@3","deployTime":1587628885000,"hasParameters":true,"valid":true,"fixedConnection":true,"hasParametersDeployed":true,"fixedConnectionDeployed":true,"tasks":0,"mappingPreviewFileRecordId":"@2","documentType":"","references":[{"@type":"reference","refObjectId":"@7unCnC860KBhME6bvCGTqn","refType":"connection"},{"@type":"reference","refObjectId":"@hD3MlLDmtGDg6Ivecxqc8n","refType":"connection"}]}]